x_m,delta_star_mm,theta_mm,H_i,Re_theta
0.01,0.12813052455038001,0.0492809709809154,2.6,360.2134992054168
0.0116527545909849,0.13831424301366674,0.0531977857744872,2.6,388.84299928321406
0.0133055091819699,0.14779793070043926,0.0568453579617074,2.6,415.5045019892333
0.0149582637729549,0.15670873242490335,0.0602725893941936,2.6,440.5554496939921
0.0166110183639399,0.16513941176202657,0.0635151583700102,2.6,464.2566287484014
0.0182637729549248,0.1731601103487645,0.0666000424418325,2.6,486.80522842157933
0.0199165275459098,0.18082539178689597,0.0695482276103446,2.6,508.3546434334409
0.0215692821368948,0.18817869383586597,0.0723764207061023,2.6,529.0269904098429
0.0232220367278798,0.19525526705484983,0.0750981796364807,2.6,548.9213692905852
0.0248747913188647,0.20208418496148792,0.0777246865236492,2.6,568.1195144911024
0.0265275459098497,0.20868976091422656,0.0802652926593179,2.6,586.6897781855087
0.0281803005008347,0.21509257265030135,0.0827279125578082,2.6,604.6900105914733
0.0298330550918197,0.22131021961991124,0.0851193152384274,2.6,622.1696890647048
0.0314858096828046,0.22735789365469908,0.0874453437133458,2.6,639.1715224199418
0.0331385642737896,0.23324881630136868,0.0897110831928341,2.6,655.7326804074822
0.0347913188647746,0.23899457902822346,0.0919209919339321,2.6,671.8857501362387
0.0364440734557596,0.2446054114359817,0.0940790043984545,2.6,687.6594900951278
0.0380968280467445,0.250090395262701,0.0961886135625773,2.6,703.0794317853752
0.0397495826377295,0.25545763699984037,0.0982529373076309,2.6,718.1683649962599
0.0414023372287145,0.2607144085017748,0.1002747725006826,2.6,732.9467331008138
0.0430550918196995,0.26586726255655935,0.1022566394448305,2.6,747.4329579600507
0.0447078464106844,0.27092212866099863,0.1042008187157687,2.6,761.6437091755342
0.0463606010016694,0.27588439299296147,0.1061093819203698,2.6,775.5941289156466
0.0480133555926544,0.2807589656555655,0.1079842175598329,2.6,789.2980209592415
0.0496661101836394,0.2855503375849363,0.1098270529172832,2.6,802.7680106805013
0.0513188647746243,0.29026262899959987,0.1116394726921538,2.6,816.0156812547692
0.0529716193656093,0.29489963087913046,0.1134229349535117,2.6,829.0516902675242
0.0546243739565943,0.2994648406600274,0.1151787848692413,2.6,841.8858700662423
0.0562771285475793,0.30396149310467563,0.1169082665787214,2.6,854.5273145423434
0.0579298831385642,0.3083925871179655,0.1186125335069098,2.6,866.9844545207851
0.0595826377295492,0.3127609091433905,0.1202926573628425,2.6,879.2651235335438
0.0612353923205342,0.317069053657225,0.1219496360220096,2.6,891.3766154349191
0.0628881469115192,0.32131944118894573,0.12358440045728682,2.6,903.325735062367
0.0645409015025041,0.32551433422334036,0.1251978208551309,2.6,915.1188429421169
0.0661936560934891,0.32965585128092706,0.1267907120311258,2.6,926.7618948734744
0.0678464106844741,0.33374597942543205,0.1283638382405508,2.6,938.2604770911049
0.0694991652754591,0.33778658540790074,0.1299179174645772,2.6,949.6198375944874
0.071151919866444,0.3417794256247985,0.1314536252403071,2.6,960.8449141431377
0.072804674457429,0.3457261550408146,0.132971598092621,2.6,971.940359341295
0.074457429048414,0.3496283352049623,0.1344724366172932,2.6,982.9105631735977
0.0761101836393989,0.3534874414701061,0.1359567082577331,2.6,993.7596733013427
0.0777629382303839,0.3573048695105762,0.1374249498117601,2.6,1004.4916133854697
0.0794156928213689,0.3610819412195216,0.138877669699816,2.6,1015.1100996657924
0.0810684474123539,0.36481991005665587,0.1403153500217907,2.6,1025.618655995126
0.0827212020033388,0.36851996590773023,0.1417384484260501,2.6,1036.0206275007263
0.0843739565943238,0.37218323950914683,0.1431473998112103,2.6,1046.3191930232135
0.0860267111853088,0.3758108064843413,0.1445426178785928,2.6,1056.5173764640588
0.0876794657762938,0.37940369103278276,0.1459244965510703,2.6,1066.6180571564712
0.0893322203672788,0.3829628693074403,0.1472934112720924,2.6,1076.6239793604793
0.0909849749582637,0.3864892725122858,0.148649720197033,2.6,1086.537760970939
0.0926377295492487,0.3899837897476818,0.1499937652875699,2.6,1096.3619015167783
0.0942904841402337,0.3934472706282919,0.1513258733185738,2.6,1106.0987895207325
0.0959432387312187,0.3968805276953515,0.1526463568059044,2.6,1115.7507092809635
0.0975959933222036,0.4002843386427067,0.1539555148625795,2.6,1125.3198471291241
0.0992487479131886,0.4036594483738953,0.1552536339899597,2.6,1134.8082972134343
0.1009015025041736,0.4070065709056869,0.1565409888098796,2.6,1144.2180668501055
0.1025542570951585,0.41032639113185776,0.1578178427430222,2.6,1153.5510814818426
0.1042070116861435,0.413619566459546,0.1590844486382869,2.6,1162.8091892781297
0.1058597662771285,0.41688672832925644,0.1603410493574063,2.6,1171.994165408425
0.1075125208681135,0.4201284836284729,0.1615878783186434,2.6,1181.1077160162474
0.1091652754590984,0.42334541600783687,0.1628251600030142,2.6,1190.151481919356
0.1108180300500834,0.426538087107983,0.1640531104261473,2.6,1199.1270420587457
0.1124707846410684,0.4297070377043247,0.1652719375785864,2.6,1208.0359167169952
0.1141235392320534,0.4328527887764093,0.1664818418370805,2.6,1216.8795705245361
0.1157762938230383,0.4359758425078201,0.1676830163491616,2.6,1225.659415270685
0.1174290484140233,0.43907668322206855,0.1688756473931033,2.6,1234.3768125347196
0.1190818030050083,0.44215577825940716,0.1700599147151566,2.6,1243.0330761508574
0.1207345575959933,0.4452135787990649,0.1712359918457942,2.6,1251.629474519812
0.1223873121869782,0.448250520630998,0.1724040463965377,2.6,1260.1672327784158
0.1240400667779632,0.4512670248808907,0.1735642403388041,2.6,1268.6475348378156
0.1256928213689482,0.4542634986918278,0.1747167302660876,2.6,1277.0715252998607
0.1273455759599332,0.4572403358657571,0.1758616676406758,2.6,1285.4403112604416
0.1289983305509182,0.46019791746760474,0.1769991990260018,2.6,1293.7549640078505
0.1306510851419031,0.46313661239467024,0.1781294663056424,2.6,1302.0165206235092
0.1323038397328881,0.46605677791370204,0.1792526068898854,2.6,1310.2259854918632
0.1339565943238731,0.46895876016787774,0.1803687539107222,2.6,1318.3843317256453
0.1356093489148581,0.4718428946557155,0.1814780364060444,2.6,1326.4925025122461
0.137262103505843,0.47470950668379996,0.1825805794937692,2.6,1334.5514123864602
0.138914858096828,0.4775589117950464,0.1836765045365563,2.6,1342.5619484344688
0.140567612687813,0.4803914161741053,0.1847659292977328,2.6,1350.5249714335473
0.142220367278798,0.48320731703137115,0.1858489680889889,2.6,1358.4413169316385
0.143873121869783,0.48600690296697474,0.1869257319103749,2.6,1366.3117962706385
0.1455258764607679,0.4887904543160039,0.1879963285830784,2.6,1374.1371975569173
0.1471786310517529,0.4915582434761336,0.189060862875436,2.6,1381.9182865823864
0.1488313856427379,0.4943105352187419,0.190119436622593,2.6,1389.6558076991405
0.1504841402337229,0.4970475869845234,0.1911721488402013,2.6,1397.3504846505132
0.1521368948247078,0.4997696491645297,0.1922190958325114,2.6,1405.0030213611678
0.1537896494156928,0.5024769653675062,0.1932603712951947,2.6,1412.6141026886635
0.1554424040066778,0.5051697726743364,0.1942960664132063,2.6,1420.1843951387705
0.1570951585976627,0.5078483018803405,0.1953262699539771,2.6,1427.714547546649
0.1587479131886477,0.510512777726133,0.196351068356205,2.6,1435.2051917258536
0.1604006677796327,0.5131634191176931,0.1973705458144973,2.6,1442.6569430870254
0.1620534223706177,0.5158004393362541,0.1983847843600977,2.6,1450.0704012279473
0.1637061769616026,0.5184240462385861,0.1993938639379177,2.6,1457.4461504965996
0.1653589315525876,0.5210344424481989,0.2003978624800765,2.6,1464.784760528696
0.1670116861435726,0.5236318255379703,0.2013968559761424,2.6,1472.0867867610955
0.1686644407345576,0.5262163882046563,0.2023909185402524,2.6,1479.3527709224124
0.1703171953255425,0.5287883184357277,0.2033801224752799,2.6,1486.5832415020388
0.1719699499165275,0.5313477996689369,0.2043645383342065,2.6,1493.7787141987392
0.1736227045075125,0.5338950109450017,0.2053442349788468,2.6,1500.939692349882
0.1752754590984975,0.5364301270537594,0.2063192796360613,2.6,1508.0666673423368
0.1769282136894824,0.5389533186741402,0.2072897379515924,2.6,1515.1601190059644
0.1785809682804674,0.541464752508264,0.20825567404164,2.6,1522.220515990615
0.1802337228714524,0.5439645914099654,0.2092171505422944,2.6,1529.2483161274483
0.1818864774624374,0.5464529945080336,0.210174228656936,2.6,1536.243966775399
0.1835392320534223,0.5489301173244148,0.211126968201698,2.6,1543.2079051534683
0.1851919866444073,0.5513961118876418,0.212075427649093,2.6,1550.140558659624
0.1868447412353923,0.5538511268417147,0.2130196641698903,2.6,1557.0423451768845
0.1884974958263773,0.5562953075506599,0.2139597336733307,2.6,1563.9136733672722
0.1901502504173622,0.5587287961989691,0.2148956908457573,2.6,1570.7549429541732
0.1918030050083472,0.5611517318881206,0.2158275891877387,2.6,1577.56654499369
0.1934557595993322,0.5635642507293651,0.2167554810497558,2.6,1584.3488621354863
0.1951085141903172,0.5659664859329501,0.2176794176665193,2.6,1591.102268873627
0.1967612687813021,0.5683585678939532,0.218599449189982,2.6,1597.8271317878757
0.1984140233722871,0.5707406242748753,0.2195156247211059,2.6,1604.5238097758918
0.2000667779632721,0.5731127800851448,0.2204279923404403,2.6,1611.1926542767403
0.2017195325542571,0.5754751577576723,0.2213365991375663,2.6,1617.8340094861062
0.203372287145242,0.5778278772225887,0.2222414912394572,2.6,1624.4482125635936
0.205025041736227,0.5801710559782909,0.2231427138378042,2.6,1631.035593832457
0.206677796327212,0.582504809159917,0.2240403112153527,2.6,1637.5964769720993
0.208330550918197,0.5848292496053615,0.2249343267712929,2.6,1644.1311792036686
0.2099833055091819,0.5871444879189364,0.2258248030457447,2.6,1650.6400114690123
0.2116360601001669,0.5894506325327852,0.2267117817433789,2.6,1657.1232786033418
0.2132888146911519,0.5917477897661422,0.2275953037562085,2.6,1663.5812795018132
0.2149415692821369,0.5940360638825246,0.2284754091855864,2.6,1670.0143072803203
0.2165943238731218,0.5963155571449578,0.2293521373634453,2.6,1676.4226494307375
0.2182470784641068,0.598586369869299,0.2302255268728073,2.6,1682.8065879708276
0.2198998330550918,0.6008486004757548,0.231095615567598,2.6,1689.1663995890722
0.2215525876460768,0.6031023455386533,0.2319624405917897,2.6,1695.5023557845846
0.2232053422370617,0.6053476998345527,0.2328260383979049,2.6,1701.8147230023603
0.2248580968280467,0.6075847563887486,0.2336864447649033,2.6,1708.1037627640078
0.2265108514190317,0.6098136065202442,0.2345436948154785,2.6,1714.3697317941756
0.2281636060100167,0.6120343398852492,0.2353978230327882,2.6,1720.6128821428304
0.2298163606010016,0.6142470445192622,0.2362488632766393,2.6,1726.8334613035502
0.2314691151919866,0.6164518068777921,0.2370968487991508,2.6,1733.0317123280033
0.2331218697829716,0.6186487118757759,0.2379418122599138,2.6,1739.207873936748
0.2347746243739566,0.620837842925741,0.2387837857406696,2.6,1745.3621806265085
0.2364273789649415,0.6230192819747578,0.2396228007595222,2.6,1751.494862774043
0.2380801335559265,0.6251931095402357,0.240458888284706,2.6,1757.6061467367695
0.2397328881469115,0.6273594047445996,0.2412920787479229,2.6,1763.6962549502325
0.2413856427378965,0.6295182453488961,0.2421224020572677,2.6,1769.7654060225564
0.2430383973288814,0.6316697077853621,0.2429498876097547,2.6,1775.8138148259966
0.2446911519198664,0.6338138671890011,0.243774564303462,2.6,1781.8416925856714
0.2463439065108514,0.6359507974282007,0.24459646054930792,2.6,1787.8492469656308
0.2479966611018364,0.6380805711344287,0.2454156042824726,2.6,1793.836682152297
0.2496494156928213,0.6402032597310365,0.2462320229734756,2.6,1799.804198935414
0.2513021702838063,0.6423189334612108,0.24704574363892723,2.6,1805.7519947865878
0.2529549248747913,0.6444276614150963,0.2478567928519601,2.6,1811.6802639355046
0.2546076794657763,0.6465295115561241,0.24866519675235543,2.6,1817.5891974438948
0.2562604340567612,0.6486245507465698,0.24947098105637297,2.6,1823.4789832773397
0.2579131886477462,0.6507128447723762,0.2502741710662985,2.6,1829.3498063749935
0.2595659432387312,0.6527944583672567,0.2510747916797141,2.6,1835.2018487172872
0.2612186978297162,0.6548694552361121,0.2518728673985046,2.6,1841.0352893916897
0.2628714524207011,0.6569378980777812,0.2526684223376081,2.6,1846.8503046565852
0.2645242070116861,0.6589998486071507,0.2534614802335195,2.6,1852.6470680033399
0.2661769616026711,0.6610553675766423,0.2542520644525547,2.6,1858.4257502166174
0.2678297161936561,0.6631045147971024,0.2550401979988855,2.6,1864.1865194329885
0.269482470784641,0.6651473491581134,0.2558259035223513,2.6,1869.9295411979112
0.271135225375626,0.6671839286477461,0.2566092033260562,2.6,1875.6549785211246
0.272787979966611,0.66921431037177,0.2573901193737577,2.6,1881.3629919304913
0.274440734557596,0.6712385505723444,0.2581686732970555,2.6,1887.0537395243782
0.2760934891485809,0.6732567046462017,0.2589448864023852,2.6,1892.727377022579
0.2777462437395659,0.675268827162345,0.259718779677825,2.6,1898.3840578158488
0.2793989983305509,0.6772749718792721,0.26049037379972,2.6,1904.0239330140807
0.2810517529215359,0.6792751917617446,0.2612596891391325,2.6,1909.647151493181
0.2827045075125208,0.681269538997113,0.2620267457681204,2.6,1915.253859940654
0.2843572621035058,0.6832580650112174,0.2627915634658528,2.6,1920.84420289997
0.2860100166944908,0.6852408204838724,0.2635541617245663,2.6,1926.4183228137044
0.2876627712854758,0.6872178553639529,0.2643145597553665,2.6,1931.9763600655351
0.2893155258764607,0.6891892188840938,0.2650727764938822,2.6,1937.51845302108
0.2909682804674458,0.691154959575013,0.2658288306057742,2.6,1943.04473806763
0.2926210350584307,0.6931151252794727,0.2665827404921049,2.6,1948.5553496528078
0.2942737896494157,0.6950697631658894,0.2673345242945729,2.6,1954.0504203221476
0.2959265442404006,0.6970189197416051,0.2680841999006174,2.6,1959.5300807556655
0.2975792988313856,0.698962640865826,0.2688317849483946,2.6,1964.994459803392
0.2992320534223706,0.7009009717622481,0.2695772968316339,2.6,1970.44368451993
0.3008848080133556,0.7028339570313685,0.2703207527043725,2.6,1975.8778801980136
0.3025375626043405,0.7047616406625038,0.2710621694855784,2.6,1981.2971704011288
0.3041903171953255,0.7066840660455157,0.2718015638636599,2.6,1986.7016769951579
0.3058430717863105,0.7086012759822591,0.2725389523008689,2.6,1992.091520179097
0.3074958263772955,0.7105133126977587,0.2732743510375995,2.6,1997.4668185148391
0.3091485809682804,0.7124202178511272,0.2740077760965874,2.6,2002.82768895603
0.3108013355592654,0.7143220325462256,0.2747392432870098,2.6,2008.1742468759771
0.3124540901502504,0.7162187973420836,0.2754687682084937,2.6,2013.5066060946601
0.3141068447412354,0.7181105522630837,0.2761963662550322,2.6,2018.8248789047814
0.3157595993322203,0.7199973368089146,0.2769220526188133,2.6,2024.1291760968866
0.3174123539232053,0.7218791899643077,0.2776458422939645,2.6,2029.4196069835266
0.3190651085141903,0.7237561502085601,0.2783677500802154,2.6,2034.696279422441
0.3207178631051753,0.7256282555248555,0.2790877905864829,2.6,2039.959299838757
0.3223706176961602,0.7274955434093846,0.2798059782343787,2.6,2045.208773246161
0.3240233722871452,0.7293580508802813,0.2805223272616466,2.6,2050.4448032670193
0.3256761268781302,0.7312158144863738,0.2812368517255284,2.6,2055.6674921514036
0.3273288814691152,0.7330688703157603,0.2819495655060616,2.6,2060.8769407949794
0.3289816360601001,0.7349172540042203,0.2826604823093155,2.6,2066.0732487557148
0.3306343906510851,0.7367610007434612,0.283369615670562,2.6,2071.256514269327
0.3322871452420701,0.7386001452892136,0.2840769789573898,2.6,2076.4268342634277
0.3339398998330551,0.7404347219691702,0.2847825853727578,2.6,2081.584304370261
0.33559265442404,0.7422647646907894,0.2854864479579959,2.6,2086.7290189379796
0.337245409015025,0.7440903069489495,0.2861885795957498,2.6,2091.861071040333
0.33889816360601,0.7459113818334699,0.2868889930128731,2.6,2096.9805524846897
0.340550918196995,0.7477280220364907,0.2875877007832656,2.6,2102.087553818262
0.34220367278798,0.7495402598597111,0.2882847153306581,2.6,2107.1821643324106
0.3438564273789649,0.7513481272214849,0.2889800489313404,2.6,2112.2644720649114
0.3455091819699499,0.7531516556637534,0.2896737137168282,2.6,2117.334563800025
0.3471619365609349,0.7549508763588026,0.2903657216764626,2.6,2122.3925250662246
0.3488146911519199,0.7567458201158193,0.2910560846599305,2.6,2127.438440131469
0.3504674457429048,0.758536517387204,0.2917448143796938,2.6,2132.4723919958387
0.3521202003338898,0.7603229982745814,0.2924319224133005,2.6,2137.4944623814304
0.3537729549248748,0.7621052925344409,0.2931174202055542,2.6,2142.5047317194176
0.3554257095158598,0.7638834295832899,0.2938013190704961,2.6,2147.503279134193
0.3570784641068447,0.7656574385021784,0.2944836301931455,2.6,2152.4901824246185
0.3587312186978297,0.7674273480403982,0.2951643646309224,2.6,2157.4655180424643
0.3603839732888147,0.7691931866180908,0.2958435333146503,2.6,2162.4293610683035
0.3620367278797997,0.7709549823274031,0.2965211470490012,2.6,2167.3817851852396
0.3636894824707846,0.7727127629317144,0.2971972165121978,2.6,2172.322862651215
0.3653422370617696,0.7744665558623013,0.2978717522547313,2.6,2177.252664270944
0.3669949916527545,0.7762163882115819,0.2985447646967623,2.6,2182.1712593690504
0.3686477462437396,0.7779622867218122,0.2992162641237739,2.6,2187.078715766674
0.3703005008347245,0.7797042777677361,0.2998862606798985,2.6,2191.9750997647598
0.3719532554257095,0.7814423873311888,0.3005547643581495,2.6,2196.8604761384727
0.3736060100166944,0.7831766409650177,0.3012217849865453,2.6,2201.7349081488887
0.3752587646076795,0.7849070637428183,0.3018873322087762,2.6,2206.5984575803554
0.3769115191986644,0.7866336801898499,0.3025514154576346,2.6,2211.451184814967
0.3785642737896494,0.7883565141890089,0.3032140439188496,2.6,2216.2931489595367
0.3802170283806343,0.7900755888537426,0.3038752264822087,2.6,2221.1244080458932
0.3818697829716194,0.7917909263571884,0.3045349716758417,2.6,2225.9450193323387
0.3835225375626043,0.7935025477033756,0.3051932875782214,2.6,2230.755039743608
0.3851752921535893,0.7952104724217568,0.3058501817006757,2.6,2235.5545264990865
0.3868280467445742,0.7969147181603529,0.3065056608309049,2.6,2240.3435379957195
0.3884808013355593,0.7986153001448284,0.307159730824934,2.6,2245.1221350338315
0.3901335559265442,0.8003122304603678,0.3078123963309107,2.6,2249.8903825032457
0.3917863105175292,0.8020055170993822,0.3084636604228393,2.6,2254.6483516853928
0.3934390651085142,0.8036951626998351,0.3091135241153211,2.6000000000000005,2259.3961233778864
0.3950918196994992,0.8053811628749049,0.3097619857211172,2.600000000000001,2264.133792115184
0.3967445742904841,0.8070635040029287,0.3104090400011262,2.600000000000002,2268.8614718475496
0.3983973288814691,0.8087421603046545,0.3110546770402512,2.6000000000000045,2273.5793035577035
0.4000500834724541,0.8104170899795541,0.3116988807613657,2.6000000000000103,2278.2874654492057
0.401702838063439,0.8120882301000045,0.3123416269615372,2.600000000000025,2282.986186544728
0.403355592654424,0.8137554898659913,0.3129828807176817,2.60000000000006,2287.675764801961
0.405008347245409,0.8154187416962174,0.3136225929600665,2.6000000000001418,2292.356591210363
0.406661101836394,0.817077809464411,0.3142606959478098,2.600000000000336,2297.029181800956
0.4083138564273789,0.8187324529695607,0.3148970972958893,2.600000000000789,2301.694220119684
0.4099666110183639,0.8203823474390638,0.3155316720917236,2.6000000000018457,2306.3526135295715
0.4116193656093489,0.8220270564826252,0.3161642524927956,2.600000000004291,2311.005567780023
0.4132721202003339,0.8236659964138819,0.316794614004131,2.6000000000099157,2315.6546856936625
0.4149248747913188,0.8252983891993819,0.3174224573815974,2.600000000022773,2320.3020976775847
0.4165776293823038,0.826923200433503,0.318047384775757,2.6000000000519883,2324.9506342034733
0.4182303839732888,0.8285390576125967,0.3186688682980789,2.600000000117965,2329.6040535962143
0.4198831385642738,0.8301441425160028,0.3192862086273297,2.600000000266048,2334.267342649872
0.4215358931552587,0.8317360496009264,0.3198984805423633,2.600000000596382,2338.9471130405577
0.4231886477462437,0.8333115998684932,0.3205044613240849,2.6000000013287567,2343.6521235873656
0.4248414023372287,0.8348665965274573,0.3211025367625426,2.600000002942507,2348.393967566885
0.4264941569282137,0.8363955048280384,0.3216905779787067,2.600000006476413,2353.187976039612
0.4281469115191986,0.8378910335297717,0.3222657803708228,2.6000000141672883,2358.0544030967017
0.4297996661101836,0.8393435895278378,0.3228244536864008,2.6000000308006275,2363.0199777119683
0.4314524207011686,0.8407405702588263,0.3233617495153638,2.6000000665473904,2368.1199300492003
0.4331051752921536,0.842065451013812,0.3238713095151755,2.600000142878836,2373.400627928041
0.4347579298831385,0.8432966171825549,0.3243448147388811,2.6000003048035905,2378.9229913657773
0.4364106844741235,0.8444058868332747,0.3247714142464657,2.6000006459696103,2384.766888098312
0.4380634390651085,0.8453566709622607,0.3251370111101322,2.600001359660395,2391.036746822194
0.4397161936560935,0.8461017345912317,0.3254233884582806,2.6000028412208063,2397.8686496198193
0.4413689482470784,0.8465805641995678,0.3256071715695014,2.600005890898701,2405.4391659111584
0.4430217028380634,0.8467164356626011,0.3256586509586029,2.6000121082925998,2413.976141688806
0.4446744574290484,0.8464134402967399,0.3255405456646363,2.600024640766849,2423.771516688895
0.4463272120200334,0.8455539976553984,0.3252068776575777,2.6000495553655334,2435.1959372732854
0.4479799666110183,0.8439977816403076,0.3246022675487751,2.600098231025104,2448.714345830734
0.4496327212020033,0.8415834701608443,0.3236621449294333,2.600191228246143,2464.900662354182
0.4512854757929883,0.8381351148255406,0.3223145539057481,2.600363851613818,2484.447828832179
0.4529382303839733,0.8314143712250383,0.3200016055303109,2.59815687439195,2504.3886717579285
0.4545909849749582,0.8143803633225879,0.3150625306662217,2.5848213737143664,2512.735065308059
0.4562437395659432,0.7887040903681154,0.307887408587791,2.561663999140856,2512.8641842041516
0.4578964941569282,0.7563084229987592,0.2989147243246366,2.530181223783977,2508.125207317134
0.4595492487479132,0.7190497108613334,0.288577570161415,2.491703393507455,2501.2417975766
0.4612020033388981,0.6787737124857669,0.277331862168925,2.447514350415029,2494.4129457050544
0.4628547579298831,0.6372669468699482,0.2656525547608002,2.398873774971818,2489.276082543132
0.4645075125208681,0.5961744928898175,0.2540129664415674,2.347023859614506,2486.8894860177006
0.4661602671118531,0.556908945741015,0.2428533682835877,2.293190124053353,2487.780314807467
0.467813021702838,0.5205749270008208,0.2325475038369639,2.238574563955712,2492.067795032344
0.469465776293823,0.48793240838100743,0.2233772997758688,2.184341958070881,2499.643228173902
0.471118530884808,0.45940967579238845,0.2155230816395874,2.131603131773353,2510.36547707627
0.472771285475793,0.4351589815031621,0.2090704370732606,2.081398917966951,2524.2226423826764
0.4744240400667779,0.41513546845612453,0.2040291560868811,2.0346869850275158,2541.423813882039
0.4760767946577629,0.39917799970163104,0.2003571456643062,1.992332234411268,2562.411916511271
0.4777295492487479,0.3870767916177599,0.1979830562663816,1.955100597583245,2587.8146503039266
0.4793823038397329,0.3786215654242183,0.1968239805055793,1.9236556666096165,2618.3636993453924
0.4810350584307178,0.37363084309877,0.1967972264707303,1.8985574634322409,2654.810958102005
0.4826878130217028,0.3719664927001492,0.1978268794151038,1.8802626508587088,2697.8603309581054
0.4843405676126878,0.3735382883839576,0.1998465479353549,1.869125547791736,2748.1220463378795
0.4859933222036728,0.3783024014561599,0.2027996794080235,1.865399405760564,2806.0879665114057
0.4876460767946577,0.3862564547097841,0.2066385090443509,1.869237522551432,2872.122198993851
0.4892988313856427,0.39743263289958297,0.2113223379205301,1.8806939049152556,2946.4604892637494
0.4909515859766277,0.4118895393737179,0.2168155388163928,1.89972333912156,3029.212915224461
0.4926043405676127,0.4297030114756153,0.2230854934008612,1.9261808776758251,3120.3661190564817
0.4942570951585976,0.45095587659659964,0.2301005555779592,1.9598208942342756,3219.7830067637037
0.4959098497495826,0.4757265677129512,0.2378280867344747,2.0002959879338404,3327.199222619527
0.4975626043405676,0.5040765640793325,0.24623259455568863,2.0471561248376045,3442.2167003176733
0.4992153589315526,0.5360367422451974,0.255274010061123,2.0998484809199667,3564.2952446595405
0.5008681135225376,0.5715928904007881,0.26490614618383,2.157718492511437,3692.7434771464355
0.5025208681135225,0.6106708361504546,0.2750753891467749,2.2200126228835853,3826.7106527544315
0.5041736227045075,0.653121844913876,0.2857196779154,2.285883316399586,3965.18087626934
0.5058263772954924,0.6987091412221043,0.2967678259348687,2.354396535477027,4106.971153153961
0.5074791318864774,0.7470965630588529,0.3081392331117159,2.424542163989851,4250.734528932277
0.5091318864774624,0.7978404534564013,0.3197440250788967,2.495247419430385,4394.969321732268
0.5107846410684475,0.8503858986338279,0.3314836419957927,2.565393252933492,4538.035149619816
0.5124373956594324,0.9040683181799951,0.3432518814374719,2.633833540529868,4678.176110228563
0.5140901502504174,0.9581211894816386,0.3549363803613059,2.6994166912569613,4813.551097064768
0.5157429048414023,1.0116903477635888,0.3664205007969611,2.7610091290284577,4942.27084756658
0.5173956594323873,1.0638548615298833,0.3775855639118906,2.817519956292962,5062.440926712564
0.5190484140233723,1.1136539727640464,0.3883133585868049,2.867925988477413,5172.209472496982
0.5207011686143572,1.1601190570490587,0.3984888346879318,2.911296267453972,5269.818183194107
0.5223539232053422,1.2023090548936821,0.4080028788523325,2.9468151260982425,5353.654729325672
0.5240066777963273,1.239347409007275,0.4167550626695594,2.973802888124577,5422.3045442361135
0.5256594323873122,1.2704582656970809,0.4246562502978208,2.9917333485756545,5474.5998041260245
0.5273121869782972,1.2949996028460267,0.4316309551784787,3.000247288358979,5509.663367435827
0.5289649415692821,1.3124910547845146,0.4376193436815109,2.99916142587087,5526.945517612945
0.5306176961602671,1.3226345161024542,0.4425787969656906,2.9884723921941223,5526.251550931226
0.5322704507512521,1.325326098649909,0.44648496047972,2.9683555236125523,5507.758574374663
0.533923205342237,1.3206586435540415,0.4493322324741029,2.9391584847636256,5472.020322082768
0.535575959933222,1.3089146914464254,0.4511336675047682,2.901389955411809,5419.959347660422
0.5372287145242071,1.290550518797022,0.4519202968906202,2.85570382139614,5352.846578612288
0.538881469115192,1.2661724859216958,0.4517398940687961,2.802879494474908,5272.26889239786
0.540534223706177,1.2365074514754355,0.4506552374304682,2.743799136842866,5180.086045357173
0.5421869782971619,1.2023693441211867,0.4487419452927009,2.679422676516048,5078.378902767772
0.5438397328881469,1.1646241210508432,0.4460859761394144,2.6107615646873987,4969.391424013506
0.5454924874791319,1.1241552848248197,0.4427809013623228,2.5388522435499894,4855.469197411518
0.5471452420701168,1.0818318960155402,0.4389250669240279,2.464730263862535,4738.997450682514
0.5487979966611019,1.0384806481997009,0.4346187643560079,2.3894059193197963,4622.3413587546065
0.5504507512520868,0.9948631137846149,0.4299615301705421,2.313842155576122,4507.7911277132525
0.5521035058430718,0.951658777592217,0.4250496860695597,2.2389353733965054,4397.5137770891015
0.5537562604340568,0.9094540004612304,0.4199742202383893,2.165499586962739,4293.512825199482
0.5554090150250417,0.8687366388212948,0.4148190924387262,2.0942542295099824,4197.596281201777
0.5570617696160267,0.8298957170080405,0.4096600224824941,2.025815728805962,4111.3525572027065
0.5587145242070117,0.7932253216404482,0.4045637930681822,1.96069281342427,4036.1332355426844
0.5603672787979966,0.7589317628995278,0.3995880644761325,1.8992853650283616,3973.04115712554
0.5620200333889817,0.7271430164230884,0.394781661745536,1.8418865081220064,3922.92211681488
0.5636727879799666,0.6979195049751993,0.3901852575008026,1.788687531265232,3886.3586132041246
0.5653255425709516,0.6712653810273218,0.3858323398327462,1.7397851650235114,3863.6646129172427
0.5669782971619366,0.647139610051424,0.381750329981639,1.69519070247444,3854.8811103250314
0.5686310517529215,0.625466312325778,0.3779617045911577,1.6548404368171288,3859.7732833489067
0.5702838063439065,0.6061439845029017,0.374484986217547,1.618606904979573,3877.8310867757064
0.5719365609348915,0.5890533804192826,0.3713354947541794,1.5863104624814557,3908.2759498175215
0.5735893155258764,0.5740639752899628,0.3685257984073503,1.55773076883866,3950.07659474026
0.5752420701168615,0.561039061594232,0.3660658585005466,1.5326178297323902,4001.976647745364
0.5768948247078464,0.5498396227115667,0.3639629174507685,1.5107023170456395,4062.5355722073587
0.5785475792988314,0.5403271970794031,0.3622212230752868,1.4917049655235064,4130.182613396243
0.5802003338898164,0.5323659785602605,0.3608417065842168,1.475344919520858,4203.281222727227
0.5818530884808013,0.5258243972826401,0.3598217321527118,1.4613469679465474,4280.199321921655
0.5835058430717863,0.5205763906461136,0.359155013679947,1.4494476502283042,4359.379305208562
0.5851585976627712,0.5165025079924003,0.3588317538968202,1.439400226940109,4439.401250137718
0.5868113522537562,0.5134908953465802,0.3588390089021054,1.4309784683600697,4519.033510562777
0.5884641068447413,0.5114380806608146,0.3591612243894221,1.4239791100229842,4597.266461918221
0.5901168614357262,0.5102493392435314,0.3597808365517436,1.418222671707384,4673.327206634036
0.5917696160267112,0.5098383121715127,0.3606787952695308,1.413552221140466,4746.675110496852
0.5934223706176962,0.510125582205092,0.3618348755030113,1.4098297780055933,4816.980017130529
0.5950751252086811,0.5110362160518981,0.3632277260956474,1.4069306370002406,4884.087109292115
0.5967278797996661,0.5124968833427257,0.3648347667313365,1.404736966091083,4947.974766501316
0.598380634390651,0.5144337713884094,0.3666322087087176,1.403133055877034,5008.713592042777
0.600033388981636,0.5167725456225724,0.3685954959085796,1.402004504555162,5066.434211561807
0.6016861435726211,0.5194407027414057,0.370700249042539,1.4012418499395136,5121.307364591385
0.603338898163606,0.5223713134758218,0.3729234692285387,1.4007466855235569,5173.534031830649
0.604991652754591,0.5255064194600041,0.3752445803443374,1.4004370668799035,5223.339783793349
0.606644407345576,0.5287987732910393,0.3776459973732262,1.4002499085629905,5270.968312675942
0.6082971619365609,0.5322116775600666,0.3801131726743741,1.4001400525416374,5316.672507868891
0.6099499165275459,0.5357175124842435,0.3826342776766136,1.4000771591535492,5360.704305031494
0.6116026711185308,0.5392957608911679,0.3851997301781076,1.4000418968149584,5403.305387010679
0.6132554257095159,0.5429311251352078,0.3878017227557044,1.4000224683819342,5444.700172399672
0.6149081803005009,0.5466120123314401,0.390433827479653,1.4000119197149383,5485.09151261464
0.6165609348914858,0.5503294328715299,0.3930906934449446,1.400006263309329,5524.658799141748
0.6182136894824708,0.5540762461768067,0.3957678248995224,1.400003262815707,5563.557881015896
0.6198664440734557,0.5578466595050415,0.3984614197005117,1.4000016862970717,5601.922176481285
0.6215191986644407,0.5616358965199841,0.401168249629761,1.4000008650692546,5639.864475206328
0.6231719532554257,0.565439974358331,0.403885568843821,1.4000004406618989,5677.479067737653
0.6248247078464106,0.5692555484367792,0.4066110412721551,1.4000002229545014,5714.843961616765
0.6264774624373957,0.5730797994954421,0.4093426811589814,1.400000112064708,5752.023036131726
0.6281302170283807,0.5769103475032272,0.4120788031719757,1.400000055966143,5789.068051947309
0.6297829716193656,0.5807451833308578,0.4148179798642231,1.400000027773496,5826.02047416272
0.6314357262103506,0.584582612819387,0.4175590050715693,1.400000013696723,5862.913094052355
0.6330884808013355,0.58842121001328,0.4203008622799022,1.4000000067128504,5899.771450913786
0.6347412353923205,0.5922597775373457,0.4230426972529216,1.4000000032697777,5936.615064712226
0.6363939899833055,0.5960973127774487,0.4257837943596156,1.400000001582932,5973.458495051632
0.6380467445742904,0.5999329789121327,0.4285235561326809,1.400000000761637,6010.3122440656125
0.6396994991652755,0.6037660800698926,0.4312614856520086,1.400000000364235,6047.183521181917
0.6413522537562605,0.607596040028701,0.4339971713954028,1.400000000173128,6084.076887070903
0.6430050083472454,0.6114223839701393,0.4367302742388703,1.4000000000817916,6120.994792888859
0.6446577629382304,0.6152447228709694,0.4394605163243508,1.4000000000384067,6157.9380294573275
0.6463105175292153,0.6190627401709364,0.4421876715450072,1.4000000000179254,6194.906099458728
0.6479632721202003,0.622876180402453,0.4449115574276808,1.4000000000083157,6231.897524185606
0.6496160267111853,0.6266848395083028,0.4476320282189904,1.400000000003834,6268.910094919745
0.6512687813021703,0.6304885566090626,0.450348969005908,1.4000000000017572,6305.941077671901
0.6529215358931553,0.6342872070132889,0.4530622907235188,1.4000000000008004,6342.9873787984025
0.6545742904841402,0.6380806962912283,0.4557719259221879,1.4000000000003625,6380.04567793033
0.6562270450751252,0.6418689552571711,0.4584778251836404,1.400000000000163,6417.112533700154
0.6578797996661102,0.6456519357269623,0.4611799540906633,1.400000000000073,6454.18446692135
0.6595325542570951,0.6494296069358564,0.4638782906684581,1.4000000000000323,6491.2580251581785
0.6611853088480801,0.6532019525181901,0.4665728232272739,1.4000000000000143,6528.3298320040185
0.6628380634390652,0.6569689679644364,0.4692635485460241,1.400000000000006,6565.396623856259
0.6644908180300501,0.6607306584834305,0.4719504703453066,1.4000000000000026,6602.455276523088
0.6661435726210351,0.6644870372080794,0.4746335980057707,1.400000000000001,6639.50282361225
0.66779632721202,0.6682381236919381,0.4773129454942414,1.4000000000000004,6676.536468325248
0.669449081803005,0.6719839426518195,0.4799885304655854,1.4,6713.553590004333
0.67110183639399,0.6757245229182788,0.4826603735130563,1.4,6750.551746546406
0.6727545909849749,0.6794598965615368,0.4853284975439549,1.4,6787.5286736022335
0.6744073455759599,0.6831900981652889,0.4879929272609207,1.4,6824.482281314687
0.676060100166945,0.6869151642250163,0.4906536887321545,1.4,6861.410649211835
0.6777128547579299,0.6906351326509859,0.49331080903641855,1.4,6898.312019755868
0.6793656093489149,0.6943500423591493,0.495964315970821,1.4,6935.18479095264
0.6810183639398998,0.6980599329357349,0.4986142378112392,1.4,6972.0275083470315
0.6826711185308848,0.7017648443635288,0.5012606031168064,1.4,7008.83885666319
0.6843238731218698,0.7054648167997015,0.5039034405712154,1.4,7045.617651294059
0.6859766277128547,0.7091598903966237,0.5065427788547313,1.4,7082.362829799614
0.6876293823038397,0.712850105158462,0.5091786465417586,1.4,7119.07344353628
0.6892821368948246,0.716535500827479,0.5118110720196279,1.4,7155.748649509818
0.6909348914858097,0.72021611679494,0.5144400834249572,1.4,7192.38770251939
0.6925876460767947,0.7238919920323302,0.5170657085945216,1.4,7228.989947640612
0.6942404006677796,0.7275631650392972,0.5196879750280695,1.4,7265.554813079484
0.6958931552587646,0.7312296738052976,0.5223069098609269,1.4,7302.08180341628
0.6975459098497496,0.7348915557824378,0.5249225398445986,1.4,7338.570493248369
0.6991986644407345,0.738548847867406,0.5275348913338616,1.4,7375.020521233105
0.7008514190317195,0.7422015863907434,0.5301439902791025,1.4,7411.431584525882
0.7025041736227045,0.7458498071120022,0.5327498622228588,1.4,7447.803433603618
0.7041569282136895,0.7494935452195856,0.535352532299704,1.4,7484.135867460873
0.7058096828046745,0.753132835334267,0.5379520252387622,1.4,7520.428729163073
0.7074624373956594,0.7567677115155724,0.5405483653682661,1.4,7556.68190173984
0.7091151919866444,0.7603982072703483,0.5431415766216774,1.4,7592.895304400347
0.7107679465776294,0.7640243555629568,0.5457316825449692,1.4,7629.068889052047
0.7124207011686143,0.7676461888266561,0.5483187063047544,1.4,7665.202637104212
0.7140734557595994,0.7712637389757967,0.5509026706969976,1.4,7701.29655653756
0.7157262103505843,0.7748770374185328,0.5534835981560948,1.4,7737.350679221934
0.7173789649415693,0.7784861150698292,0.5560615107641638,1.4,7773.365058464392
0.7190317195325543,0.7820910023645594,0.5586364302603997,1.4,7809.339766770928
0.7206844741235392,0.7856917292705592,0.5612083780503995,1.4,7845.274893805564
0.7223372287145242,0.7892883253015222,0.563777375215373,1.4,7881.170544531777
0.7239899833055091,0.7928808195296442,0.5663434425211744,1.4,7917.026837521582
0.7256427378964941,0.7964692405979619,0.5689066004271157,1.4,7952.843903419018
0.7272954924874792,0.8000536167323301,0.5714668690945216,1.4,7988.621883545178
0.7289482470784641,0.8036339757530152,0.5740242683950109,1.4,8024.360928633093
0.7306010016694491,0.8072103450858774,0.576578817918484,1.4,8060.061197681414
0.7322537562604341,0.8107827517731374,0.5791305369808125,1.4,8095.72285691679
0.733906510851419,0.8143512224837192,0.581679444631228,1.4,8131.346078855409
0.735559265442404,0.8179157835231765,0.5842255596594118,1.4,8166.931041455118
0.7372120200333889,0.821476460843204,0.5867689006022886,1.4,8202.477927350026
0.7388647746243739,0.8250332800507509,0.5893094857505363,1.4,8237.986923160228
0.740517529215359,0.8285862664167406,0.5918473331548147,1.4,8273.458218869868
0.7421702838063439,0.8321354448844195,0.5943824606317283,1.4,8308.892007267352
0.7438230383973289,0.8356808400773457,0.5969148857695327,1.4,8344.28848344201
0.7454757929883139,0.839222476307031,0.5994446259335936,1.4,8379.647844331888
0.7471285475792988,0.8427603775802603,0.6019716982716146,1.4,8414.970288318125
0.7487813021702838,0.8462945676060999,0.6044961197186428,1.4,8450.256014861365
0.7504340567612687,0.8498250698026079,0.6070179070018628,1.4,8485.505224176317
0.7520868113522537,0.8533519073032707,0.6095370766451934,1.4,8520.718116940856
0.7537395659432388,0.8568751029631742,0.6120536449736959,1.4,8555.894894036395
0.7553923205342237,0.8603946793649248,0.6145676281178034,1.4,8591.035756316414
0.7570450751252087,0.8639106588243415,0.6170790420173868,1.4,8626.140904400612
0.7586978297161936,0.8674230633959218,0.6195879024256584,1.4,8661.210538492038
0.7603505843071786,0.8709319148781013,0.6220942249129295,1.4,8696.244858215026
0.7620033388981636,0.8744372348183189,0.6245980248702279,1.4,8731.244062471947
0.7636560934891485,0.8779390445178951,0.6270993175127823,1.4,8766.208349316828
0.7653088480801336,0.8814373650367366,0.6295981178833834,1.4,8801.137915844205
0.7669616026711186,0.884932217197878,0.6320944408556272,1.4,8836.032958091733
0.7686143572621035,0.8884236215918672,0.634588301137048,1.4,8870.893670955136
0.7702671118530885,0.8919115985810062,0.6370797132721473,1.4,8905.720248114218
0.7719198664440734,0.8953961683034517,0.6395686916453227,1.4,8940.512881968916
0.7735726210350584,0.8988773506771902,0.6420552504837074,1.4,8975.271763584304
0.7752253756260434,0.902355165403882,0.6445394038599158,1.4,9009.997082643551
0.7768781302170283,0.9058296319725977,0.6470211656947126,1.4,9044.689027408238
0.7785308848080134,0.9093007696634371,0.649500549759598,1.4,9079.347784685011
0.7801836393989984,0.9127685975510464,0.6519775696793189,1.4,9113.973539798073
0.7818363939899833,0.9162331345080367,0.6544522389343119,1.4,9148.56647656684
0.7834891485809683,0.9196943992083058,0.6569245708630755,1.4,9183.126777288238
0.7851419031719532,0.9231524101302718,0.6593945786644799,1.4,9217.654622723074
0.7867946577629382,0.9266071855600212,0.6618622754000152,1.4,9252.15019208615
0.7884474123539232,0.9300587435943729,0.6643276739959807,1.4,9286.613663039572
0.7901001669449081,0.9335071021438673,0.6667907872456196,1.4,9321.045211689026
0.7917529215358932,0.9369522789356818,0.6692516278112013,1.4,9355.445012582657
0.7934056761268781,0.9403942915164689,0.6717102082260493,1.4,9389.813238712137
0.7950584307178631,0.9438331572551358,0.6741665408965256,1.4,9424.15006151587
0.7967111853088481,0.9472688933455488,0.6766206381039634,1.4,9458.45565088389
0.798363939899833,0.9507015168091819,0.6790725120065585,1.4,9492.730175164414
0.800016694490818,0.9541310444977038,0.681522174641217,1.4,9526.973801171674
0.801669449081803,0.9575574930955041,0.6839696379253601,1.4,9561.186694195074
0.803322203672788,0.9609808791221665,0.6864149136586903,1.4,9595.36901800926
0.804974958263773,0.9644012189348893,0.6888580135249209,1.4,9629.520934885264
0.8066277128547579,0.9678185287308498,0.6912989490934642,1.4,9663.642605602281
0.8082804674457429,0.9712328245495248,0.6937377318210891,1.4,9697.734189460225
0.8099332220367279,0.9746441222749553,0.6961743730535396,1.4,9731.79584429282
0.8115859766277128,0.9780524376379732,0.6986088840271237,1.4,9765.827726481179
0.8132387312186978,0.981457786218376,0.7010412758702685,1.4,9799.829990967859
0.8148914858096828,0.9848601834470603,0.703471559605043,1.4,9833.802791271088
0.8165442404006678,0.9882596446081132,0.7058997461486524,1.4,9867.74627949949
0.8181969949916528,0.9916561848408643,0.708325846314903,1.4,9901.660606366826
0.8198497495826377,0.9950498191418915,0.7107498708156368,1.4,9935.545921207018
0.8215025041736227,0.998440562366998,0.7131718302621415,1.4,9969.402371989294
0.8231552587646077,1.0018284292331423,0.7155917351665302,1.4,10003.230105333327
0.8248080133555926,1.0052134343203372,0.718009595943098,1.4,10037.029266524512
0.8264607679465776,1.0085955920735115,0.7204254229096511,1.4,10070.799999529267
0.8281135225375625,1.0119749168043388,0.7228392262888134,1.4,10104.542447010183
0.8297662771285476,1.0153514226930287,0.7252510162093061,1.4,10138.256750341352
0.8314190317195326,1.0187251237900905,0.7276608027072076,1.4,10171.943049623447
0.8330717863105175,1.0220960340180605,0.7300685957271861,1.4,10205.601483698858
0.8347245409015025,1.0254641671732012,0.7324744051237153,1.4,10239.232190166647
0.8363772954924875,1.0288295369271692,0.7348782406622637,1.4,10272.835305397446
0.8380300500834724,1.0321921568286516,0.7372801120204655,1.4,10306.41096454825
0.8396828046744574,1.0355520403049778,0.7396800287892699,1.4,10339.959301577012
0.8413355592654423,1.0389092006636982,0.7420780004740701,1.4,10373.480449257191
0.8429883138564274,1.0422636510941408,0.7444740364958148,1.4,10406.974539192086
0.8446410684474124,1.0456154046689334,0.7468681461920955,1.4,10440.441701829046
0.8462938230383973,1.04896447434551,0.7492603388182215,1.4,10473.882066473505
0.8479465776293823,1.0523108729675805,0.7516506235482718,1.4,10507.295761302903
0.8495993322203673,1.055654613266583,0.7540390094761307,1.4,10540.682913380346
0.8512520868113522,1.0589957078631085,0.7564255056165061,1.4,10574.043648668237
0.8529048414023372,1.0623341692683037,0.7588101209059311,1.4,10607.378092041597
0.8545575959933221,1.0656700098852447,0.7611928642037463,1.4,10640.686367301267
0.8562103505843072,1.069003242010298,0.76357374429307,1.4,10673.968597186997
0.8578631051752922,1.0723338778344476,0.7659527698817483,1.4,10707.224903390268
0.8595158597662771,1.0756619294446081,0.7683299496032916,1.4,10740.455406566978
0.8611686143572621,1.0789874088249147,0.7707052920177963,1.4,10773.660226349977
0.862821368948247,1.0823103278579875,0.7730788056128484,1.4,10806.839481361361
0.864474123539232,1.085630698326184,0.7754504988044174,1.4,10839.9932892247
0.866126878130217,1.088948531912822,0.7778203799377302,1.4,10873.12176657695
0.867779632721202,1.0922638402033886,0.7801884572881348,1.4,10906.225029080375
0.869432387312187,1.0955766346867288,0.7825547390619492,1.4,10939.303191434099
0.871085141903172,1.098886926756215,0.7849192333972963,1.4,10972.35636738567
0.8727378964941569,1.102194727710895,0.787281948364925,1.4,11005.384669742303
0.8743906510851419,1.1055000487566282,0.7896428919690202,1.4,11038.388210382109
0.8760434056761268,1.1088029010071963,0.7920020721479974,1.4,11071.367100265019
0.8776961602671118,1.1121032954854035,0.7943594967752884,1.4,11104.32144944368
0.8793489148580969,1.1154012431241536,0.7967151736601099,1.4,11137.251367074048
0.8810016694490818,1.1186967547675157,0.7990691105482256,1.4,11170.156961425968
0.8826544240400668,1.1219898411717688,0.801421315122692,1.4,11203.038339893514
0.8843071786310518,1.1252805130064318,0.8037717950045942,1.4,11235.895609005172
0.8859599332220367,1.1285687808552805,0.8061205577537719,1.4,11268.72887443393
0.8876126878130217,1.131854655217345,0.808467610869532,1.4,11301.538241007167
0.8892654424040066,1.135138146507892,0.8108129617913513,1.4,11334.323812716428
0.8909181969949916,1.1384192650593974,0.8131566178995696,1.4,11367.085692727047
0.8925709515859767,1.1416980211224967,0.8154985865160691,1.4,11399.823983387618
0.8942237061769616,1.1449744248669265,0.8178388749049474,1.4,11432.538786239316
0.8958764607679466,1.1482484863824491,0.820177490273178,1.4,11465.230202025154
0.8975292153589315,1.1515202156797657,0.8225144397712613,1.4,11497.898330698978
0.8991819699499165,1.1547896226914136,0.8248497304938669,1.4,11530.543271434493
0.9008347245409016,1.15805671727265,0.8271833694804642,1.4,11563.16512263398
0.9024874791318864,1.1613215092023246,0.8295153637159461,1.4,11595.763981937032
0.9041402337228714,1.1645840081837389,0.831845720131242,1.4,11628.339946229085
0.9057929883138564,1.167844223845492,0.8341744456039228,1.4,11660.893111649859
0.9074457429048414,1.171102165742312,0.8365015469587943,1.4,11693.423573601629
0.9090984974958264,1.1743578433558821,0.8388270309684873,1.4,11725.93142675746
0.9107512520868112,1.1776112660956457,0.8411509043540327,1.4,11758.416765069249
0.9124040066777964,1.180862443299607,0.8434731737854337,1.4,11790.879681775676
0.9140567612687812,1.184111384235116,0.8457938458822257,1.4,11823.320269410064
0.9157095158597662,1.1873580980996437,0.8481129272140313,1.4,11855.738619808068
0.9173622704507512,1.1906025940215468,0.850430424301105,1.4,11888.134824115348
0.9190150250417364,1.1938448810608198,0.8527463436148713,1.4,11920.50897279502
0.9206677796327212,1.1970849682098361,0.8550606915784543,1.4,11952.861155635086
0.9223205342237062,1.2003228643940829,0.8573734745672019,1.4,11985.191461755749
0.9239732888146912,1.2035585784728782,0.8596846989091986,1.4,12017.49997961658
0.925626043405676,1.206792119240086,0.8619943708857757,1.4,12049.786797023637
0.9272787979966612,1.210023495424815,0.8643024967320109,1.4,12082.052001136444
0.928931552587646,1.2132527156921102,0.8666090826372218,1.4,12114.295678474879
0.930584307178631,1.2164797886436356,0.8689141347454541,1.4,12146.517914926013
0.932237061769616,1.2197047228183435,0.8712176591559597,1.4,12178.718795750758
0.933889816360601,1.2229275266931416,0.8735196619236728,1.4,12210.898405590562
0.935542570951586,1.2261482086835438,0.8758201490596742,1.4,12243.056828473884
0.9371953255425708,1.2293667771443144,0.8781191265316531,1.4,12275.19414782259
0.938848080133556,1.232583240370105,0.8804166002643607,1.4,12307.31044645839
0.9405008347245408,1.2357976065960834,0.8827125761400595,1.4,12339.40580660903
0.9421535893155258,1.2390098839985475,0.8850070599989626,1.4,12371.480309914488
0.9438063439065107,1.2422200806955401,0.8873000576396716,1.4,12403.534037433055
0.9454590984974958,1.2454282047474476,0.8895915748196055,1.4,12435.567069647359
0.9471118530884808,1.248634264157595,0.891881617255425,1.4,12467.579486470271
0.9487646076794658,1.2518382668728316,0.8941701906234513,1.4,12499.57136725077
0.9504173622704508,1.2550402207841087,0.8964573005600777,1.4,12531.542790779702
0.9520701168614356,1.258240133727049,0.898742952662178,1.4,12563.493835295489
0.9537228714524209,1.2614380134825107,0.9010271524875078,1.4,12595.424578489685
0.9553756260434056,1.2646338677771403,0.9033099055551004,1.4,12627.335097512618
0.9570283806343908,1.267827704283922,0.9055912173456588,1.4,12659.225468978755
0.9586811352253756,1.271019530622717,0.9078710933019408,1.4,12691.095768972149
0.9603338898163606,1.2742093543607993,0.9101495388291424,1.4,12722.946073051784
0.9619866444073456,1.2773971830133775,0.9124265592952696,1.4,12754.776456256785
0.9636393989983304,1.2805830240441176,0.9147021600315126,1.4,12786.586993111612
0.9652921535893156,1.2837668848656554,0.916976346332611,1.4,12818.377757631195
0.9669449081803004,1.2869487728401001,0.9192491234572144,1.4,12850.148823325966
0.9685976627712856,1.2901286952795372,0.921520496628241,1.4,12881.900263206888
0.9702504173622704,1.2933066594465188,0.9237904710332278,1.4,12913.632149790306
0.9719031719532554,1.2964826725545504,0.9260590518246788,1.4,12945.344555102869
0.9735559265442404,1.2996567417685716,0.9283262441204084,1.4,12977.037550686284
0.9752086811352254,1.3028288742054315,0.9305920530038796,1.4,13008.71120760208
0.9768614357262104,1.3059990769343528,0.9328564835245378,1.4,13040.365596436244
0.9785141903171952,1.3091673569774014,0.935119540698144,1.4,13072.000787303887
0.9801669449081802,1.3123337213099342,0.937381229507096,1.4,13103.616849853752
0.9818196994991653,1.3154981768610552,0.9396415549007536,1.4,13135.213853272755
0.9834724540901504,1.3186607305140576,0.9419005217957556,1.4,13166.791866290372
0.9851252086811352,1.3218213891068635,0.9441581350763312,1.4,13198.35095718307
0.9867779632721202,1.3249801594324597,0.9464143995946142,1.4,13229.891193778623
0.9884307178631052,1.3281370482393238,0.9486693201709456,1.4,13261.412643460386
0.99008347245409,1.3312920622318458,0.9509229015941756,1.4,13292.915373171525
0.9917362270450752,1.3344452080707498,0.9531751486219644,1.4,13324.39944941917
0.99338898163606,1.337596492373503,0.9554260659810736,1.4,13355.86493827854
0.9950417362270452,1.3407459217147253,0.957675658367661,1.4,13387.31190539706
0.99669449081803,1.34389350262659,0.9599239304475644,1.4,13418.740415998274
0.998347245409015,1.347039241599222,0.9621708868565874,1.4,13450.150534885914
1.0,1.3501831450810908,0.9644165322007792,1.4,13481.542326447769
